mode,playersCount,courts,totalMatches,presetKey,templateKey,engine,classifiable,count,effectiveCompletedCount,effectiveCompletionRate,firstScoreToCompletionSamples,medianFirstScoreToCompletionHours,share,cumulativeCount,cumulativeCoverage
multi_rotate,6,1,9,rotation_6,6p-1c,template,true,48,23,0.4791666666666667,23,0.9085380555555556,0.08775137111517367,48,0.08775137111517367
multi_rotate,5,1,10,custom,5p-1c,template,true,26,16,0.6153846153846154,16,1.0539591666666666,0.04753199268738574,74,0.13528336380255943
multi_rotate,7,1,14,rotation_7,7p-1c,template,true,25,10,0.4,10,1.7664241666666667,0.04570383912248629,99,0.1809872029250457
multi_rotate,6,1,9,custom,6p-1c,template,true,16,7,0.4375,7,1.1179075,0.029250457038391225,115,0.21023765996343693
multi_rotate,9,1,18,custom,9p-1c,template,true,16,12,0.75,12,2.1213723611111113,0.029250457038391225,131,0.23948811700182815
multi_rotate,8,1,14,rotation_8,8p-1c,template,true,13,6,0.46153846153846156,6,1.8311330555555556,0.02376599634369287,144,0.263254113345521
multi_rotate,7,1,14,custom,7p-1c,template,true,12,2,0.16666666666666666,2,1.0783140277777779,0.021937842778793418,156,0.2851919561243144
multi_rotate,5,1,5,custom,5p-1c,template,true,11,7,0.6363636363636364,7,0.45819805555555554,0.02010968921389397,167,0.3053016453382084
multi_rotate,6,1,12,rotation_6,6p-1c,template,true,11,0,0,0,,0.02010968921389397,178,0.32541133455210236
multi_rotate,9,2,18,custom,9p-2c,template,true,11,6,0.5454545454545454,6,1.4837284722222222,0.02010968921389397,189,0.34552102376599636
unknown,4,1,3,missing,missing,missing,false,11,8,0.7272727272727273,0,,0.02010968921389397,200,0.3656307129798903
multi_rotate,14,1,14,custom,14p-1c,template,true,10,2,0.2,2,0.40588541666666667,0.018281535648994516,210,0.38391224862888484
multi_rotate,4,1,3,custom,4p-1c,template,true,10,8,0.8,8,0.2576759722222222,0.018281535648994516,220,0.40219378427787933
multi_rotate,6,1,15,rotation_6,6p-1c,template,true,10,2,0.2,2,2.1910220833333334,0.018281535648994516,230,0.42047531992687387
multi_rotate,13,2,12,custom,13p-2c,template,true,9,0,0,0,,0.016453382084095063,239,0.4369287020109689
multi_rotate,8,1,14,custom,8p-1c,template,true,9,0,0,0,,0.016453382084095063,248,0.453382084095064
multi_rotate,6,1,13,custom,6p-1c,template,true,8,5,0.625,5,1.7291419444444445,0.014625228519195612,256,0.4680073126142596
multi_rotate,6,1,15,custom,6p-1c,template,true,8,1,0.125,1,2.1189430555555555,0.014625228519195612,264,0.4826325411334552
multi_rotate,6,1,18,rotation_6,6p-1c,template,true,8,2,0.25,2,2.168677361111111,0.014625228519195612,272,0.49725776965265084
multi_rotate,8,1,8,custom,8p-1c,template,true,8,3,0.375,3,1.0584202777777778,0.014625228519195612,280,0.5118829981718465
multi_rotate,10,1,23,custom,10p-1c,template,true,7,2,0.2857142857142857,2,2.2170779166666668,0.012797074954296161,287,0.5246800731261426
multi_rotate,10,1,15,custom,10p-1c,template,true,6,1,0.16666666666666666,1,2.1308230555555556,0.010968921389396709,293,0.5356489945155393
multi_rotate,12,2,12,custom,12p-2c,template,true,6,2,0.3333333333333333,2,0.8099,0.010968921389396709,299,0.546617915904936
multi_rotate,10,1,10,custom,10p-1c,template,true,5,2,0.4,2,0.021242916666666667,0.009140767824497258,304,0.5557586837294333
multi_rotate,5,1,15,custom,5p-1c,template,true,5,1,0.2,1,0.01773472222222222,0.009140767824497258,309,0.5648994515539305
multi_rotate,6,1,8,custom,6p-1c,template,true,5,1,0.2,1,0.7664561111111111,0.009140767824497258,314,0.5740402193784278
multi_rotate,6,1,8,rotation_6,6p-1c,template,true,5,2,0.4,2,0.7298034722222222,0.009140767824497258,319,0.583180987202925
multi_rotate,7,1,11,custom,7p-1c,template,true,5,3,0.6,3,3.155538611111111,0.009140767824497258,324,0.5923217550274223
multi_rotate,9,1,9,custom,9p-1c,template,true,5,0,0,0,,0.009140767824497258,329,0.6014625228519196
multi_rotate,10,2,15,custom,10p-2c,template,true,4,0,0,0,,0.007312614259597806,333,0.6087751371115173
multi_rotate,13,2,30,custom,missing,unknown,true,4,1,0.25,1,2.121732222222222,0.007312614259597806,337,0.6160877513711152
multi_rotate,4,1,1,custom,4p-1c,template,true,4,3,0.75,3,0,0.007312614259597806,341,0.623400365630713
multi_rotate,6,1,18,custom,6p-1c,template,true,4,1,0.25,1,2.6907533333333333,0.007312614259597806,345,0.6307129798903108
multi_rotate,7,1,10,rotation_7,7p-1c,template,true,4,1,0.25,1,1.6346744444444445,0.007312614259597806,349,0.6380255941499086
multi_rotate,7,1,16,custom,7p-1c,template,true,4,3,0.75,3,2.175915,0.007312614259597806,353,0.6453382084095064
multi_rotate,7,1,21,rotation_7,7p-1c,template,true,4,0,0,0,,0.007312614259597806,357,0.6526508226691042
multi_rotate,8,2,14,rotation_8,8p-2c,template,true,4,1,0.25,1,1.1331527777777777,0.007312614259597806,361,0.659963436928702
multi_rotate,12,2,24,custom,missing,unknown,true,3,0,0,0,,0.005484460694698354,364,0.6654478976234004
multi_rotate,12,2,6,custom,12p-2c,template,true,3,0,0,0,,0.005484460694698354,367,0.6709323583180987
multi_rotate,13,1,8,custom,13p-1c,template,true,3,0,0,0,,0.005484460694698354,370,0.676416819012797
multi_rotate,18,3,45,custom,missing,unknown,true,3,0,0,0,,0.005484460694698354,373,0.6819012797074955
multi_rotate,5,1,5,missing,5p-1c,template,true,3,1,0.3333333333333333,1,0.16721944444444445,0.005484460694698354,376,0.6873857404021938
multi_rotate,6,1,12,custom,6p-1c,template,true,3,0,0,0,,0.005484460694698354,379,0.6928702010968921
multi_rotate,8,1,16,custom,8p-1c,template,true,3,1,0.3333333333333333,1,1.3381844444444444,0.005484460694698354,382,0.6983546617915904
multi_rotate,8,1,8,rotation_8,8p-1c,template,true,3,2,0.6666666666666666,2,1.2910031944444444,0.005484460694698354,385,0.7038391224862889
multi_rotate,10,1,12,custom,10p-1c,template,true,2,1,0.5,1,0.7464925,0.003656307129798903,387,0.7074954296160878
multi_rotate,10,1,20,custom,10p-1c,template,true,2,1,0.5,1,2.148102777777778,0.003656307129798903,389,0.7111517367458866
multi_rotate,10,1,30,custom,10p-1c,template,true,2,0,0,0,,0.003656307129798903,391,0.7148080438756855
multi_rotate,10,2,20,custom,10p-2c,template,true,2,1,0.5,1,1.3958969444444445,0.003656307129798903,393,0.7184643510054844
multi_rotate,11,3,12,custom,11p-2c,template,true,2,0,0,0,,0.003656307129798903,395,0.7221206581352834
multi_rotate,12,1,24,custom,missing,unknown,true,2,0,0,0,,0.003656307129798903,397,0.7257769652650823
multi_rotate,12,2,30,custom,missing,unknown,true,2,1,0.5,1,2.1604697222222224,0.003656307129798903,399,0.7294332723948812
multi_rotate,12,2,9,custom,12p-2c,template,true,2,0,0,0,,0.003656307129798903,401,0.7330895795246801
multi_rotate,12,3,12,custom,12p-3c,template,true,2,0,0,0,,0.003656307129798903,403,0.7367458866544789
multi_rotate,12,3,12,custom,missing,beam,true,2,0,0,0,,0.003656307129798903,405,0.7404021937842779
multi_rotate,12,3,18,custom,missing,beam,true,2,1,0.5,1,0.024438611111111112,0.003656307129798903,407,0.7440585009140768
multi_rotate,14,1,28,custom,missing,unknown,true,2,1,0.5,1,2.0783441666666667,0.003656307129798903,409,0.7477148080438757
multi_rotate,15,2,12,custom,15p-2c,template,true,2,0,0,0,,0.003656307129798903,411,0.7513711151736746
multi_rotate,4,10,1,custom,4p-1c,template,true,2,1,0.5,1,0,0.003656307129798903,413,0.7550274223034735
multi_rotate,4,1,2,custom,4p-1c,template,true,2,1,0.5,1,0.21165305555555555,0.003656307129798903,415,0.7586837294332724
multi_rotate,4,1,3,custom,missing,unknown,true,2,2,1,2,0.01930166666666667,0.003656307129798903,417,0.7623400365630713
multi_rotate,4,1,3,standard,missing,unknown,true,2,2,1,2,0.0025725,0.003656307129798903,419,0.7659963436928702
multi_rotate,4,2,2,missing,missing,unknown,true,2,2,1,2,0.03969166666666667,0.003656307129798903,421,0.7696526508226691
multi_rotate,6,1,5,custom,6p-1c,template,true,2,0,0,0,,0.003656307129798903,423,0.773308957952468
multi_rotate,6,1,7,rotation_6,6p-1c,template,true,2,1,0.5,1,1.045476111111111,0.003656307129798903,425,0.7769652650822669
multi_rotate,6,1,9,missing,6p-1c,template,true,2,1,0.5,1,0.7495269444444445,0.003656307129798903,427,0.7806215722120659
multi_rotate,7,1,18,custom,7p-1c,template,true,2,0,0,0,,0.003656307129798903,429,0.7842778793418648
multi_rotate,8,2,8,rotation_8,8p-2c,template,true,2,0,0,0,,0.003656307129798903,431,0.7879341864716636
multi_rotate,9,2,14,custom,9p-2c,template,true,2,0,0,0,,0.003656307129798903,433,0.7915904936014625
multi_rotate,9,2,9,custom,9p-2c,template,true,2,0,0,0,,0.003656307129798903,435,0.7952468007312614
fixed_pair_rr,18,1,36,custom,missing,fixed-pair-v1,true,1,0,0,0,,0.0018281535648994515,436,0.7970749542961609
fixed_pair_rr,5,2,1,relax,missing,fixed-pair-v1,true,1,1,1,1,0,0.0018281535648994515,437,0.7989031078610603
fixed_pair_rr,5,2,1,standard,missing,fixed-pair-v1,true,1,1,1,1,0,0.0018281535648994515,438,0.8007312614259597
fixed_pair_rr,6,3,3,custom,missing,fixed-pair-v1,true,1,0,0,0,,0.0018281535648994515,439,0.8025594149908593
fixed_pair_rr,8,1,5,custom,missing,fixed-pair-v1,true,1,1,1,1,0.004088888888888889,0.0018281535648994515,440,0.8043875685557587
fixed_pair_rr,8,1,6,custom,missing,fixed-pair-v1,true,1,0,0,0,,0.0018281535648994515,441,0.8062157221206582
fixed_pair_rr,8,1,6,missing,missing,fixed-pair-v1,true,1,0,0,0,,0.0018281535648994515,442,0.8080438756855576
fixed_pair_rr,8,1,9,custom,missing,fixed-pair-v1,true,1,0,0,0,,0.0018281535648994515,443,0.8098720292504571
multi_rotate,10,1,16,custom,10p-1c,template,true,1,0,0,0,,0.0018281535648994515,444,0.8117001828153565
multi_rotate,11,1,11,custom,11p-1c,template,true,1,0,0,0,,0.0018281535648994515,445,0.8135283363802559
multi_rotate,11,1,28,custom,missing,unknown,true,1,0,0,0,,0.0018281535648994515,446,0.8153564899451554
multi_rotate,11,1,7,custom,11p-1c,template,true,1,0,0,0,,0.0018281535648994515,447,0.8171846435100548
multi_rotate,11,2,23,custom,missing,unknown,true,1,0,0,0,,0.0018281535648994515,448,0.8190127970749543
multi_rotate,11,2,24,custom,missing,unknown,true,1,0,0,0,,0.0018281535648994515,449,0.8208409506398537
multi_rotate,11,2,7,custom,missing,unknown,true,1,0,0,0,,0.0018281535648994515,450,0.8226691042047533
multi_rotate,12,1,12,custom,12p-1c,template,true,1,0,0,0,,0.0018281535648994515,451,0.8244972577696527
multi_rotate,12,1,33,custom,missing,unknown,true,1,0,0,0,,0.0018281535648994515,452,0.8263254113345521
multi_rotate,12,1,6,custom,12p-1c,template,true,1,0,0,0,,0.0018281535648994515,453,0.8281535648994516
multi_rotate,12,2,18,custom,missing,unknown,true,1,0,0,0,,0.0018281535648994515,454,0.829981718464351
multi_rotate,12,2,22,custom,missing,unknown,true,1,0,0,0,,0.0018281535648994515,455,0.8318098720292505
multi_rotate,12,2,36,custom,missing,unknown,true,1,1,1,1,2.4248966666666667,0.0018281535648994515,456,0.8336380255941499
multi_rotate,12,2,8,custom,12p-2c,template,true,1,0,0,0,,0.0018281535648994515,457,0.8354661791590493
multi_rotate,12,3,18,custom,missing,unknown,true,1,0,0,0,,0.0018281535648994515,458,0.8372943327239488
multi_rotate,13,1,12,custom,13p-1c,template,true,1,0,0,0,,0.0018281535648994515,459,0.8391224862888482
multi_rotate,13,1,15,custom,missing,unknown,true,1,0,0,0,,0.0018281535648994515,460,0.8409506398537477
multi_rotate,13,1,16,custom,missing,unknown,true,1,1,1,1,1.5305061111111111,0.0018281535648994515,461,0.8427787934186471
multi_rotate,13,1,26,custom,missing,unknown,true,1,0,0,0,,0.0018281535648994515,462,0.8446069469835467
multi_rotate,13,1,30,custom,missing,unknown,true,1,0,0,0,,0.0018281535648994515,463,0.8464351005484461
multi_rotate,13,6,36,custom,missing,unknown,true,1,0,0,0,,0.0018281535648994515,464,0.8482632541133455
multi_rotate,14,1,24,custom,missing,unknown,true,1,1,1,1,1.593685,0.0018281535648994515,465,0.850091407678245
multi_rotate,14,1,33,custom,missing,unknown,true,1,0,0,0,,0.0018281535648994515,466,0.8519195612431444
multi_rotate,14,2,25,custom,missing,unknown,true,1,0,0,0,,0.0018281535648994515,467,0.8537477148080439
multi_rotate,14,4,12,custom,14p-3c,template,true,1,0,0,0,,0.0018281535648994515,468,0.8555758683729433
multi_rotate,15,1,11,custom,15p-1c,template,true,1,1,1,1,0.011543333333333333,0.0018281535648994515,469,0.8574040219378428
multi_rotate,15,1,15,custom,15p-1c,template,true,1,0,0,0,,0.0018281535648994515,470,0.8592321755027422
multi_rotate,15,1,9,custom,15p-1c,template,true,1,1,1,1,0.31950194444444446,0.0018281535648994515,471,0.8610603290676416
multi_rotate,15,2,15,custom,missing,unknown,true,1,0,0,0,,0.0018281535648994515,472,0.8628884826325411
multi_rotate,15,3,16,custom,15p-3c,template,true,1,0,0,0,,0.0018281535648994515,473,0.8647166361974405
multi_rotate,15,3,45,custom,missing,unknown,true,1,0,0,0,,0.0018281535648994515,474,0.8665447897623401
multi_rotate,16,1,12,custom,16p-1c,template,true,1,0,0,0,,0.0018281535648994515,475,0.8683729433272395
multi_rotate,16,2,8,custom,16p-2c,template,true,1,0,0,0,,0.0018281535648994515,476,0.870201096892139
multi_rotate,16,4,12,missing,16p-4c,template,true,1,0,0,0,,0.0018281535648994515,477,0.8720292504570384
multi_rotate,17,1,12,custom,17p-1c,template,true,1,0,0,0,,0.0018281535648994515,478,0.8738574040219378
multi_rotate,17,1,20,custom,missing,unknown,true,1,0,0,0,,0.0018281535648994515,479,0.8756855575868373
multi_rotate,17,3,20,custom,missing,unknown,true,1,0,0,0,,0.0018281535648994515,480,0.8775137111517367
multi_rotate,17,3,45,custom,missing,unknown,true,1,0,0,0,,0.0018281535648994515,481,0.8793418647166362
multi_rotate,18,1,12,custom,18p-1c,template,true,1,0,0,0,,0.0018281535648994515,482,0.8811700182815356
multi_rotate,19,1,12,custom,19p-1c,template,true,1,0,0,0,,0.0018281535648994515,483,0.8829981718464351
multi_rotate,19,3,45,custom,missing,unknown,true,1,0,0,0,,0.0018281535648994515,484,0.8848263254113345
multi_rotate,20,1,15,missing,20p-1c,template,true,1,0,0,0,,0.0018281535648994515,485,0.886654478976234
multi_rotate,24,2,18,custom,24p-2c,template,true,1,0,0,0,,0.0018281535648994515,486,0.8884826325411335
multi_rotate,32,4,20,custom,missing,unknown,true,1,0,0,0,,0.0018281535648994515,487,0.8903107861060329
multi_rotate,4,10,1,missing,4p-1c,template,true,1,1,1,1,0,0.0018281535648994515,488,0.8921389396709324
multi_rotate,4,1,1,missing,4p-1c,template,true,1,1,1,1,0,0.0018281535648994515,489,0.8939670932358318
multi_rotate,4,1,2,standard,missing,unknown,true,1,1,1,1,0.0015955555555555556,0.0018281535648994515,490,0.8957952468007313
multi_rotate,4,1,3,missing,4p-1c,template,true,1,1,1,1,0.00878388888888889,0.0018281535648994515,491,0.8976234003656307
multi_rotate,4,2,2,custom,4p-1c,template,true,1,1,1,1,0.1694675,0.0018281535648994515,492,0.8994515539305301
multi_rotate,4,2,3,custom,4p-1c,template,true,1,0,0,0,,0.0018281535648994515,493,0.9012797074954296
multi_rotate,5,1,10,missing,5p-1c,template,true,1,1,1,1,0.8859141666666667,0.0018281535648994515,494,0.903107861060329
multi_rotate,5,1,15,custom,missing,unknown,true,1,1,1,1,1514.4860911111111,0.0018281535648994515,495,0.9049360146252285
multi_rotate,5,1,15,missing,5p-1c,template,true,1,0,0,0,,0.0018281535648994515,496,0.906764168190128
multi_rotate,5,1,1,custom,5p-1c,template,true,1,0,0,0,,0.0018281535648994515,497,0.9085923217550275
multi_rotate,5,1,3,custom,5p-1c,template,true,1,0,0,0,,0.0018281535648994515,498,0.9104204753199269
multi_rotate,5,1,4,custom,5p-1c,template,true,1,1,1,1,0.7263827777777778,0.0018281535648994515,499,0.9122486288848263
multi_rotate,5,1,4,standard,missing,unknown,true,1,0,0,0,,0.0018281535648994515,500,0.9140767824497258
multi_rotate,5,1,5,standard,missing,unknown,true,1,1,1,1,0.004858888888888889,0.0018281535648994515,501,0.9159049360146252
multi_rotate,5,1,6,custom,5p-1c,template,true,1,0,0,0,,0.0018281535648994515,502,0.9177330895795247
multi_rotate,5,1,9,custom,5p-1c,template,true,1,0,0,0,,0.0018281535648994515,503,0.9195612431444241
multi_rotate,5,2,6,relax,missing,unknown,true,1,1,1,1,0.07287222222222223,0.0018281535648994515,504,0.9213893967093236
multi_rotate,5,2,7,standard,missing,unknown,true,1,1,1,1,21.65966111111111,0.0018281535648994515,505,0.923217550274223
multi_rotate,6,1,10,rotation_6,6p-1c,template,true,1,1,1,1,1.5539497222222223,0.0018281535648994515,506,0.9250457038391224
multi_rotate,6,1,11,custom,6p-1c,template,true,1,1,1,1,0.023641111111111113,0.0018281535648994515,507,0.926873857404022
multi_rotate,6,1,8,missing,6p-1c,template,true,1,0,0,0,,0.0018281535648994515,508,0.9287020109689214
multi_rotate,6,1,9,standard,missing,unknown,true,1,0,0,0,,0.0018281535648994515,509,0.9305301645338209
multi_rotate,6,2,9,custom,6p-1c,template,true,1,0,0,0,,0.0018281535648994515,510,0.9323583180987203
multi_rotate,7,1,10,custom,7p-1c,template,true,1,0,0,0,,0.0018281535648994515,511,0.9341864716636198
multi_rotate,7,1,7,rotation_7,7p-1c,template,true,1,1,1,1,0.9570127777777778,0.0018281535648994515,512,0.9360146252285192
multi_rotate,7,1,9,rotation_7,7p-1c,template,true,1,1,1,1,1.317758888888889,0.0018281535648994515,513,0.9378427787934186
multi_rotate,8,1,10,rotation_8,8p-1c,template,true,1,0,0,0,,0.0018281535648994515,514,0.9396709323583181
multi_rotate,8,1,16,rotation_8,8p-1c,template,true,1,1,1,1,1.965165,0.0018281535648994515,515,0.9414990859232175
multi_rotate,8,1,21,rotation_8,missing,beam,true,1,0,0,0,,0.0018281535648994515,516,0.943327239488117
multi_rotate,8,1,28,custom,missing,beam,true,1,0,0,0,,0.0018281535648994515,517,0.9451553930530164
multi_rotate,8,1,30,custom,missing,beam,true,1,0,0,0,,0.0018281535648994515,518,0.946983546617916
multi_rotate,8,1,30,rotation_8,missing,beam,true,1,0,0,0,,0.0018281535648994515,519,0.9488117001828154
multi_rotate,8,2,12,rotation_8,8p-2c,template,true,1,0,0,0,,0.0018281535648994515,520,0.9506398537477148
multi_rotate,8,2,14,custom,8p-2c,template,true,1,0,0,0,,0.0018281535648994515,521,0.9524680073126143
multi_rotate,8,2,16,custom,8p-2c,template,true,1,1,1,1,1.4653683333333334,0.0018281535648994515,522,0.9542961608775137
multi_rotate,8,2,16,rotation_8,8p-2c,template,true,1,0,0,0,,0.0018281535648994515,523,0.9561243144424132
multi_rotate,8,2,20,rotation_8,missing,beam,true,1,0,0,0,,0.0018281535648994515,524,0.9579524680073126
multi_rotate,8,2,21,rotation_8,missing,beam,true,1,0,0,0,,0.0018281535648994515,525,0.9597806215722121
multi_rotate,8,2,24,custom,missing,beam,true,1,0,0,0,,0.0018281535648994515,526,0.9616087751371115
multi_rotate,8,2,28,rotation_8,missing,beam,true,1,0,0,0,,0.0018281535648994515,527,0.9634369287020109
multi_rotate,8,2,4,custom,8p-2c,template,true,1,0,0,0,,0.0018281535648994515,528,0.9652650822669104
multi_rotate,8,2,8,custom,8p-2c,template,true,1,0,0,0,,0.0018281535648994515,529,0.9670932358318098
multi_rotate,8,3,14,custom,8p-2c,template,true,1,0,0,0,,0.0018281535648994515,530,0.9689213893967094
multi_rotate,8,4,16,custom,8p-2c,template,true,1,0,0,0,,0.0018281535648994515,531,0.9707495429616088
multi_rotate,9,1,10,custom,9p-1c,template,true,1,0,0,0,,0.0018281535648994515,532,0.9725776965265083
multi_rotate,9,1,12,custom,9p-1c,template,true,1,0,0,0,,0.0018281535648994515,533,0.9744058500914077
multi_rotate,9,1,8,custom,9p-1c,template,true,1,0,0,0,,0.0018281535648994515,534,0.9762340036563071
multi_rotate,9,2,8,custom,9p-2c,template,true,1,0,0,0,,0.0018281535648994515,535,0.9780621572212066
squad_doubles,10,1,4,custom,missing,squad-v3-beam,true,1,0,0,0,,0.0018281535648994515,536,0.979890310786106
squad_doubles,12,1,16,custom,missing,squad-v2-greedy,true,1,0,0,0,,0.0018281535648994515,537,0.9817184643510055
squad_doubles,16,2,10,custom,missing,squad-v3-beam,true,1,0,0,0,,0.0018281535648994515,538,0.9835466179159049
squad_doubles,16,2,8,custom,missing,squad-v3-beam,true,1,0,0,0,,0.0018281535648994515,539,0.9853747714808044
squad_doubles,20,1,36,custom,missing,squad-v2-greedy,true,1,0,0,0,,0.0018281535648994515,540,0.9872029250457038
squad_doubles,6,1,8,custom,missing,squad-v3-beam,true,1,1,1,1,0.012101388888888889,0.0018281535648994515,541,0.9890310786106032
squad_doubles,7,1,15,custom,missing,squad-v3-beam,true,1,0,0,0,,0.0018281535648994515,542,0.9908592321755028
squad_doubles,8,1,4,custom,missing,squad-v3-beam,true,1,0,0,0,,0.0018281535648994515,543,0.9926873857404022
squad_doubles,8,1,9,custom,missing,squad-v3-beam,true,1,0,0,0,,0.0018281535648994515,544,0.9945155393053017
squad_doubles,9,1,12,custom,missing,squad-v3-beam,true,1,0,0,0,,0.0018281535648994515,545,0.9963436928702011
unknown,6,1,15,missing,missing,missing,false,1,0,0,0,,0.0018281535648994515,546,0.9981718464351006
unknown,6,2,10,missing,missing,missing,false,1,0,0,0,,0.0018281535648994515,547,1
